id,name,phone,address,city,state,website,source_url,category,last_seen
1,BG MAX C12 - BGauss,,,Mumbai,Maharashtra,https://www.bgauss.com/b8-overview/,https://www.bgauss.com/b8-overview/,B.com,2026-06-07T14:39:13.287407+00:00
2,"SarkariResult.com.cm : Sarkari Result 2026 Official , Sarkari Result™",,,Mumbai,Maharashtra,https://www.sarkariexam.com/,https://www.sarkariexam.com/,B.com,2026-06-07T14:39:33.160674+00:00
3,Learn 100% Free Computer Courses with PDF Notes,,,Mumbai,Maharashtra,https://www.stpcomputereducation.com/,https://www.stpcomputereducation.com/,B.com,2026-06-07T14:39:37.390529+00:00
4,Innate Academy - Coaching Centre | Mumbai,+919867816205,,Mumbai,Maharashtra,https://innate-academy.ueniweb.com/,https://innate-academy.ueniweb.com/,Baf,2026-06-07T14:39:58.361209+00:00
5,"Classes for FYBAF, SYBAF & TYBAF - HSPT",+917208032477,,Mumbai,Maharashtra,https://www.hiteshsir.com/courses-management-courses-bachelor-in-accounting-and-finance/,https://www.hiteshsir.com/courses-management-courses-bachelor-in-accounting-and-finance/,Baf,2026-06-07T14:40:05.755255+00:00
13,"Commerce Coaching (FY, SY, TY - B.Com, BAF, BMS) - digiteducations.com",+918355881175,,Mumbai,Maharashtra,https://digiteducations.com/commerce-coaching-fy-sy-ty-b-com-baf-bms/,https://digiteducations.com/commerce-coaching-fy-sy-ty-b-com-baf-bms/,Baf,2026-06-07T14:40:14.253363+00:00
15,"Leading name for IPCC classes in andheri,CA classes in andheri,BAF classes in Mumbai,BMS classes in…",+919820883836,"Assets Commerce Tutorial, 50/9 Kiran, Near Laxminarayan Temple, J. B. Nagar, Andheri (E), Mumbai — 400 059",Mumbai,Maharashtra,https://medium.com/@assetstutorial/leading-name-for-ipcc-classes-in-andheri-ca-classes-in-andheri-baf-classes-in-mumbai-bms-classes-in-dd8c47e96b9b,https://medium.com/@assetstutorial/leading-name-for-ipcc-classes-in-andheri-ca-classes-in-andheri-baf-classes-in-mumbai-bms-classes-in-dd8c47e96b9b,Baf,2026-06-07T14:40:21.257994+00:00
17,Degree College » Nadkarni Classes » Commerce Classes,,,Mumbai,Maharashtra,https://www.nadkarniclasses.com/degree-college/,https://www.nadkarniclasses.com/degree-college/,Baf,2026-06-07T14:40:24.888543+00:00
18,"Friends Classes, Nerul – Coaching from 9th to M.Com",+919833391573,,Mumbai,Maharashtra,https://friendsclasses.com/,https://friendsclasses.com/,Baf,2026-06-07T14:40:27.823363+00:00
19,B.Com BMS BAF Coaching Navi Mumbai | Mumbai University | Ritu Academy Kharghar,+919512112938,,Mumbai,Maharashtra,https://riituinstitution.com/b-com-bms-baf-coaching/,https://riituinstitution.com/b-com-bms-baf-coaching/,Baf,2026-06-07T14:40:31.193105+00:00
21,"BCom, BAF & BMS Coaching Programs: Why Join Before 2026",,,Mumbai,Maharashtra,https://www.yuhaspro.com/blog/bcom-baf-bms-coaching-programs/,https://www.yuhaspro.com/blog/bcom-baf-bms-coaching-programs/,Baf,2026-06-07T14:40:33.613709+00:00
22,HOME | BAF Coaching,+919547070148,,Mumbai,Maharashtra,https://www.bafcoachingconsulting.com/,https://www.bafcoachingconsulting.com/,Baf,2026-06-07T14:41:04.337448+00:00
23,OM Classes Coaching Class in Mumbai,+919892995829,"7th Floor, G15/16 Commerce Centre, Tardeo Road, Opp. HPCL Petrol Pump , Tardeo, Mumbai, Maharashtra 400034",Mumbai,Maharashtra,https://studysid.com/baf-coaching-classes/om-classes-mumbai,https://studysid.com/baf-coaching-classes/om-classes-mumbai,Baf,2026-06-07T14:41:08.964958+00:00
24,Academic | Access Education Ins,,,Mumbai,Maharashtra,https://www.access-education.in/general-7,https://www.access-education.in/general-7,Baf,2026-06-07T14:41:13.589669+00:00
25,BBA & BMS Entrance Exam Prepartion | Mumbai | MCM Classes,+919820758742,,Mumbai,Maharashtra,https://www.mcmindia.org/bba,https://www.mcmindia.org/bba,Bba,2026-06-07T14:41:16.074536+00:00
28,B EduCARE - Premier Coaching Institute for Entrance Exams & Online Degree,,,Mumbai,Maharashtra,https://www.beducare.com/,https://www.beducare.com/,Bba,2026-06-07T14:41:18.669958+00:00
29,Best BBA Part Time & Correspondence Courses in Mumbai -,,,Mumbai,Maharashtra,https://www.aemsres.com/blog/bba-courses/best-bba-part-time-correspondence-courses-in-mumbai/,https://www.aemsres.com/blog/bba-courses/best-bba-part-time-correspondence-courses-in-mumbai/,Bba,2026-06-07T14:41:24.256480+00:00
30,"Online MBA and BBA from Mumbai, Maharashtra",+919049002620,,Mumbai,Maharashtra,http://dypatildistancemba.com/OnlineCertification/mumbai.html,http://dypatildistancemba.com/OnlineCertification/mumbai.html,Bba,2026-06-07T14:41:26.688132+00:00
31,"7 Best BBA Coaching in Borivali Mumbai | IPMAT, NPAT, SET Coaching – TutorJar",+917718822776,,Mumbai,Maharashtra,https://tutorjar.com/bba-coaching/,https://tutorjar.com/bba-coaching/,Bba,2026-06-07T14:41:30.267319+00:00
35,Xaviers Institute Provides Management Courses Working Professionals,+917738087179,,Mumbai,Maharashtra,https://www.xibms.com/,https://www.xibms.com/,Bba,2026-06-07T14:41:51.169492+00:00
37,MAH BBA CET Coaching in Mumbai,+9118002090191,,Mumbai,Maharashtra,https://studycampus.in/bba-coaching-classes-in-mumbai/,https://studycampus.in/bba-coaching-classes-in-mumbai/,Bba,2026-06-07T14:41:57.307133+00:00
44,"Best CAT, CLAT, IPMAT Coaching in Borivali, Mumbai | MBA, Law Entrance Exam Preperation Classes",+919819045263,"Address 1st Floor, Soni Shopping Center, Lokmanya Tilak Rd, above Krishna Jewellers, near Titan World, Sundar Nagar , Borivali West, Mumbai, Mumbai, Maharashtra 400092",Mumbai,Maharashtra,https://www.careerlauncher.com/borivali/,https://www.careerlauncher.com/borivali/,Bba,2026-06-07T14:41:59.933629+00:00
48,"BBA Entrance Coaching in Mumbai,Top Classes for BBA in Mumbai",+918452923835,,Mumbai,Maharashtra,https://studycampus.co.in/bba-coaching-institute-in-mumbai.html,https://studycampus.co.in/bba-coaching-institute-in-mumbai.html,Bba,2026-06-07T14:42:05.840011+00:00
54,"Best BBA Coaching Classes in Mumbai, Free Exam Practice Test",+919702209897,,Mumbai,Maharashtra,https://www.growthcentre.org/bba-coaching-classes/,https://www.growthcentre.org/bba-coaching-classes/,Bba,2026-06-07T14:42:09.586805+00:00
59,"TOP BBA coaching classes in Andheri Mumbai, Coaching for BBA in Andheri Mumbai",+919999265274,,Mumbai,Maharashtra,https://tarainstitute.in/bba-coaching-classes-in-andheri-mumbai/,https://tarainstitute.in/bba-coaching-classes-in-andheri-mumbai/,Bba,2026-06-07T14:42:11.714786+00:00
64,Best BBA Coaching Classes in Mumbai Where Success Begins - Tribe,,,Mumbai,Maharashtra,https://tribe.in/best-bba-coaching-classes-in-mumbai-where-success-begins/,https://tribe.in/best-bba-coaching-classes-in-mumbai-where-success-begins/,Bba,2026-06-07T14:42:17.934335+00:00
65,Commerce Coaching Classes in Mumbai | Best Classes for Commerce,+918591089800,"BORIVALI BRANCH B Wing, 1st Floor, Bhakti Apt, Opp. Jain Temple, Jambhali Galli, Near Moksh Plaza, Borivali West, Mumbai – 400092.",Mumbai,Maharashtra,https://cashirishvyas.com/commerce-classes/,https://cashirishvyas.com/commerce-classes/,Commerce,2026-06-07T14:42:21.794515+00:00
69,Mumbai Pradesh Arya Vidya Sabha's GCC,+919321784236,,Mumbai,Maharashtra,https://gurukulcollegeofcommerce.com/,https://gurukulcollegeofcommerce.com/,Commerce,2026-06-07T14:42:25.607288+00:00
76,Kashmira Commerce Classes | Tutoring in Mumbai,+917977426338,,Mumbai,Maharashtra,https://kashmira-commerce-classes.ueniweb.com/,https://kashmira-commerce-classes.ueniweb.com/,Commerce,2026-06-07T14:42:33.771299+00:00
77,Srichand Classes,+919820352975,,Mumbai,Maharashtra,https://www.srichandclasses.com/courses,https://www.srichandclasses.com/courses,Commerce,2026-06-07T14:42:36.035092+00:00
81,Commerce Coaching Classes in mumbai,+918307157158,,Mumbai,Maharashtra,https://www.klassroom.in/institution/mumbai/stream/Commerce,https://www.klassroom.in/institution/mumbai/stream/Commerce,Commerce,2026-06-07T14:42:39.166508+00:00
82,Best Commerce Coaching Class in Mumbai: Your Path to Success - Arihant Academy,+919819778833,,Mumbai,Maharashtra,https://arihantacademy.com/blog/best-commerce-coaching-class-in-mumbai/,https://arihantacademy.com/blog/best-commerce-coaching-class-in-mumbai/,Commerce,2026-06-07T14:42:44.106932+00:00
87,Best Commerce Coaching Institute in panchkula,+917814433903,We are proud to be recognized as best Commerce coaching institute in Panchkula. use the map below to find our exact location and visit us today. We look forward to helping you acheive your academic goals.,Mumbai,Maharashtra,https://futurzcareer.in/,https://futurzcareer.in/,Commerce,2026-06-07T14:42:48.688905+00:00
89,Speed Reading Classes in Pune - Iris Reading,,,Pune,Maharashtra,https://irisreading.com/classes/pune/,https://irisreading.com/classes/pune/,B.com,2026-06-07T14:42:55.598953+00:00
90,Shreyas Commerce Classes,+918806337575,,Pune,Maharashtra,http://www.shreyascommerceclasses.com/,http://www.shreyascommerceclasses.com/,B.com,2026-06-07T14:43:02.754726+00:00
93,"B.Com (FY, SY, TY) - Commerce Coaching - Gurukul Commerce Academy - Coaching Classes | Pune",,,Pune,Maharashtra,https://gurukul-commerce-academy.ueniweb.com/services/commerce-coaching/b-com-fy-sy-ty--26681550,https://gurukul-commerce-academy.ueniweb.com/services/commerce-coaching/b-com-fy-sy-ty--26681550,B.com,2026-06-07T14:43:06.652233+00:00
94,Prosperity Classes,+918482818143,"B-47/12, Super Indira Nagar, Bibvewadi, Pune – 411037, Maharashtra",Pune,Maharashtra,https://prosperityclassesacademy.com/,https://prosperityclassesacademy.com/,B.com,2026-06-07T14:43:09.392127+00:00
96,Commerce Classes in Pimpri Chinchwad,+919767880066,"Chanakya Commerce Academy Ajmera Complex, Fusion Park, Off. No. 210, Near SNBP School, Pimpri - 411018",Pune,Maharashtra,https://chanakyaclasses.com/,https://chanakyaclasses.com/,B.com,2026-06-07T14:43:13.380257+00:00
99,Vidyavedh - Ensuring Student Success | ACCA | CMA | CPA | IFRS | CA,+918600278833,"Flat no. 22, 3rd Floor, Gandharv Apartment, Gulawani Maharaj Road, behind Hotel Abhishek Veg, Indiranagar Society, Erandwane, Pune, Maharashtra 411004 +91 8484 969689 +91 8600 278833 info@Vidyavedh.com Vidyavedhacademy@gmail.com",Pune,Maharashtra,https://www.vidyavedh.com/acca-classes,https://www.vidyavedh.com/acca-classes,B.com,2026-06-07T14:43:17.442497+00:00
101,Best ACCA Certification Institute in Pune | Zell,+917022878869,,Pune,Maharashtra,https://www.zelleducation.com/finance-courses/acca-course-pune/,https://www.zelleducation.com/finance-courses/acca-course-pune/,B.com,2026-06-07T14:43:22.687069+00:00
106,Ideal Classes - Empowering Education for All Students | Ideal Classes,+919595294434,,Pune,Maharashtra,https://idealclasses.org/,https://idealclasses.org/,B.com,2026-06-07T14:43:25.098386+00:00
107,Learnimo by Behere Classes Science Commerce,+919981984480,,Pune,Maharashtra,https://www.behereclasses.com/,https://www.behereclasses.com/,Bba,2026-06-07T14:44:04.606176+00:00
109,"EQL Classes- Best CAT, CET, CLAT, IPM Coaching in Pune",+919809098686,We emphasize a lot on the ‘Right psychology’ every now and then to make sure students don’t get diverted or confused in today’s internet driven world of a lot of access And opinions. We also help in schedule management with TAMs(time allocation matrices) and quantification of efforts.,Pune,Maharashtra,https://eqlclasses.com/,https://eqlclasses.com/,Bba,2026-06-07T14:44:06.581386+00:00
110,MH CET Law Classes in Pune 26-27:Online Law Entrance Coachin,+919579414569,"Fatima Nagar, Pune-Solapur Highway, Pune, Maharashtra, Bharat- India.",Pune,Maharashtra,https://softskillstraining.in/llb-law-coaching-classes-pune/,https://softskillstraining.in/llb-law-coaching-classes-pune/,Bba,2026-06-07T14:44:10.911683+00:00
111,IPMAT Coaching Classes 2026/27/28,,,Pune,Maharashtra,https://www.imsindia.com/bba-classroom/index.html,https://www.imsindia.com/bba-classroom/index.html,Bba,2026-06-07T14:44:13.492896+00:00
112,Saraswati Engineering Classes BBA Institutes in Pune Maharashtra (#gbj4sjd1k),+919764442120,,Pune,Maharashtra,https://www.edufrog.in/coaching-institute/saraswati-engineering-classes-pune-gbj4sjd1k.html,https://www.edufrog.in/coaching-institute/saraswati-engineering-classes-pune-gbj4sjd1k.html,Bba,2026-06-07T14:44:15.649751+00:00
114,BBA Classroom Coaching | Career Launcher,+919999999999,,Pune,Maharashtra,https://www.careerlauncher.com/bba/classroom-coaching/,https://www.careerlauncher.com/bba/classroom-coaching/,Bba,2026-06-07T14:44:22.326407+00:00
115,Expert BBA Entrance Coaching With Mocks And guidance,+919813026670,"Hisar : DSS-96 , Sector -13, Shopping Complex , Hisar (Haryana) - 125001",Pune,Maharashtra,https://timeseducation.org.in/bba,https://timeseducation.org.in/bba,Bba,2026-06-07T14:44:29.904791+00:00
116,"Best BBA Coaching in India 2026: Fees, Results & Review",+919319311001,,Pune,Maharashtra,https://www.collegedisha.com/coaching/bba-coaching,https://www.collegedisha.com/coaching/bba-coaching,Bba,2026-06-07T14:44:32.792677+00:00
117,BBA Coaching Institute | MeritPath Best BBA Preparation,+918777810224,,Pune,Maharashtra,https://meritpath.in/courses/bba/,https://meritpath.in/courses/bba/,Bba,2026-06-07T14:44:40.142946+00:00
119,Prepare BBA Entrance Exams & IPMAT with Best Teachers in Delhi,+919811544098,,Pune,Maharashtra,https://rankersbuzz.com/bba-coaching/,https://rankersbuzz.com/bba-coaching/,Bba,2026-06-07T14:44:42.913817+00:00
120,Best CA CS CMA Classes In Pune & India | Agrawal Classes,+918888884444,,Pune,Maharashtra,https://agrawalclasses.in/,https://agrawalclasses.in/,Commerce,2026-06-07T14:44:46.573747+00:00
122,Top Coaching for Commerce | Affordable & Expert Commerce Classes in Pune,+919826017628,,Pune,Maharashtra,https://www.gurunearme.com/listing/pune/commerce-classes?cityId=65fa9e7a63c2ee5fb905396e&typeId=661cc2dfbc7be77facb3912b,https://www.gurunearme.com/listing/pune/commerce-classes?cityId=65fa9e7a63c2ee5fb905396e&typeId=661cc2dfbc7be77facb3912b,Commerce,2026-06-07T14:44:49.881580+00:00
123,11th 12th Commerce Classes in Pune - Best Classes,+918830597066,,Pune,Maharashtra,https://satishscienceacademy.com/11th-12th-commerce-classes-in-pune/,https://satishscienceacademy.com/11th-12th-commerce-classes-in-pune/,Commerce,2026-06-07T14:44:51.353997+00:00
124,"Pune commerce Classes in Wanowari, Pune | Enroll Online - Edvizo",+918695844381,"Mandke Advantage Home, Lulla Nagar",Pune,Maharashtra,https://www.edvizo.com/pune-commerce-classes,https://www.edvizo.com/pune-commerce-classes,Commerce,2026-06-07T14:44:54.195702+00:00
126,Commerce Classes for 11th and 12th in Pune,+919281100200,,Pune,Maharashtra,https://www.taskgroup.co.in/updates/commerce-classes-11th-12th-pune/,https://www.taskgroup.co.in/updates/commerce-classes-11th-12th-pune/,Commerce,2026-06-07T14:44:56.386469+00:00
128,Aakash Institute Pune - Top Coaching Institute in Pune,,"Address : Aakash Institute, Parvez Complex, No 2390B, 1st Floor, Shankar Sheth Rd, opposite Dhobi Ghat, Camp, Pune, Maharashtra, India, 411001",Pune,Maharashtra,https://www.joonsquare.com/coaching-institute/aakash-institute-pune,https://www.joonsquare.com/coaching-institute/aakash-institute-pune,Commerce,2026-06-07T14:45:01.408177+00:00
129,Displaying All Training InstituteType of Training Institutes with all courses,+919441519845,,Pune,Maharashtra,https://www.manabadi.co.in/institute/TrgInstSrchTypeofTrgInst.aspx?strTYPId=37,https://www.manabadi.co.in/institute/TrgInstSrchTypeofTrgInst.aspx?strTYPId=37,Commerce,2026-06-07T14:45:03.497142+00:00
173,"Govt Jobs for B Com Freshers, Jobs for B Com Graduate in 2026",,,Nagpur,Maharashtra,https://www.sarkari-naukri.in/jobs-by-qualification/b-com/,https://www.sarkari-naukri.in/jobs-by-qualification/b-com/,B.com,2026-06-07T14:45:05.777542+00:00
174,Saikrupa Commerce Classes And Computer Classes Coaching Institute in Jaitala Nagpur - Digital Class,+919665421463,,Nagpur,Maharashtra,https://digitalclassworld.com/business-listing/coaching/saikrupa-commerce-classes-and-computer-classes,https://digitalclassworld.com/business-listing/coaching/saikrupa-commerce-classes-and-computer-classes,B.com,2026-06-07T14:45:19.720806+00:00
175,A Bachelor in Business Administration is the gatew... | CALIBER'S NOVA COACHING CLASSES - Nagpur,+919595225500,"India Nagpur 440032 2 floor ,Natraj Tower Zenda Chowk Nagpur",Nagpur,Maharashtra,https://www.calibersnova.com/latest-update/a-bachelor-in-business-administration-is-the-gatew/21,https://www.calibersnova.com/latest-update/a-bachelor-in-business-administration-is-the-gatew/21,B.com,2026-06-07T14:45:23.247780+00:00
178,Best ACCA Classes in Nagpur & Central India | Gold Learning Partner | Prepper Gurukul,+919145670606,"Ground Floor, B-Wing, Khullar Apartment, Near IDFC Bank, Byramji Town, Nagpur, Maharashtra 440013 contact@gurukul.education +91 91456 70606 WhatsApp Us",Nagpur,Maharashtra,https://www.preppergurukul.com/acca/,https://www.preppergurukul.com/acca/,B.com,2026-06-07T14:45:25.222238+00:00
179,"Best Competitive Exam Classes in Nagpur | CLAT, CAT & IPMAT Coaching",+919175659319,,Nagpur,Maharashtra,https://www.careerlauncher.com/nagpur/,https://www.careerlauncher.com/nagpur/,Baf,2026-06-07T14:45:44.990085+00:00
180,No.1 Career Counselling & Guidance after 10th in Nagpur,+919650038189,How to identify Best Career Counsellors in India?,Nagpur,Maharashtra,https://www.mindgroom.com/career-counselling-after-10th/nagpur/,https://www.mindgroom.com/career-counselling-after-10th/nagpur/,Baf,2026-06-07T14:45:55.385473+00:00
182,Certified Professional Coach Training Courses | Erickson Coaching International,,,Nagpur,Maharashtra,https://www.erickson.edu/,https://www.erickson.edu/,Baf,2026-06-07T14:46:03.327962+00:00
183,10 Best Cricket Academies in Nagpur 2026 (With Fees),,,Nagpur,Maharashtra,https://cricjosh.in/blog/best-cricket-academies-nagpur-2026,https://cricjosh.in/blog/best-cricket-academies-nagpur-2026,Baf,2026-06-07T14:46:05.811182+00:00
184,ims nagpur,,,Nagpur,Maharashtra,https://kahkaham.net/imsnagpur1,https://kahkaham.net/imsnagpur1,Bba,2026-06-07T14:46:13.251886+00:00
185,IT Educations – Engineering Project Maker & Training Institute Nagpur,+919665302573,,Nagpur,Maharashtra,https://iteducations.in/,https://iteducations.in/,Bba,2026-06-07T14:46:17.255504+00:00
187,"Career Mentors Nagpur | CLAT, IPM, BBA & Law Entrance Coaching Institute",,"Address 103, First Floor, Shri Mohini Complex, Kingsway Rd, above Raymond's Store, near Kasturchand Park, Sitabuldi, Nagpur, Maharashtra 440001 Sitabuldi , Maharashtra - 440001 www.youtube.com/@careermentorsindia2661",Nagpur,Maharashtra,https://academycheck.com/coaching/career-mentors-nagpur,https://academycheck.com/coaching/career-mentors-nagpur,Bba,2026-06-07T14:46:21.910411+00:00
188,VPA Sadar on about.me,,,Nagpur,Maharashtra,https://about.me/vpasadar,https://about.me/vpasadar,Bba,2026-06-07T14:46:26.124831+00:00
191,Gandhe's Commerce Classes,+917507510752,"Head Branch Ramdaspeth :- 88, Near Lendra Park, New Ramdaspeth, Nagpur Contact :- 0712-2563689, 6453668",Nagpur,Maharashtra,https://gandheclasses.com/,https://gandheclasses.com/,Commerce,2026-06-07T14:46:34.203792+00:00
199,"BCCA Part 2 Commerce Classes in Nagpur, BCCA Second Year Commerce Tuitions in Nagpur, BCCA Part 2 Commerce Syllabus, Computer MIS Web designing C Tally , BCCA Part 2 Institutes, Classes, Coaching Inst",+919028157794,,Nagpur,Maharashtra,https://www.atlantacomputer.in/bcca-part-2-commerce-classes-nagpur.html,https://www.atlantacomputer.in/bcca-part-2-commerce-classes-nagpur.html,Commerce,2026-06-07T14:46:46.154088+00:00
204,CAPS Nagpur - CA coaching in Nagpur,+918055120900,"🏫 Plot No – 83, Hill Top, Ram Nagar, Near Water Tank, Nagpur – 440010, Maharashtra",Nagpur,Maharashtra,https://capslearning.org/blogs/5-red-flags-when-choosing-commerce-coaching-institute.php,https://capslearning.org/blogs/5-red-flags-when-choosing-commerce-coaching-institute.php,Commerce,2026-06-07T14:46:53.210502+00:00
211,Displaying All Coaching CentreType of Training Institutes with all courses,+918613297398,,Nagpur,Maharashtra,https://www.manabadi.co.in/institute/TrgInstSrchTypeofTrgInst.aspx?strTYPId=14,https://www.manabadi.co.in/institute/TrgInstSrchTypeofTrgInst.aspx?strTYPId=14,Commerce,2026-06-07T14:47:04.979035+00:00
242,B.Com Coaching Classes in Jind,+918168188426,"KDR CLASSES, MANJU HOTEL BASEMENT, NEAR GUMBER MEDICAL STORE, JIND",Thane,Maharashtra,https://www.kdrclasses.co.in/best-b-com-coaching-classes-in-jind/,https://www.kdrclasses.co.in/best-b-com-coaching-classes-in-jind/,B.com,2026-06-07T14:47:11.752024+00:00
243,Classroom Management Tools & Resources - Google for Education,,,Thane,Maharashtra,https://edu.google.co.ug/workspace-for-education/products/classroom/,https://edu.google.co.ug/workspace-for-education/products/classroom/,B.com,2026-06-07T14:47:13.375555+00:00
244,"Dharam Classes Vadodara | Classes for 11, 12 & B.Com .",+919898524007,"Green Wood Complex, beside shell petrol pump, Manjalpur, Vadodara, Gujarat 390009",Thane,Maharashtra,https://dharamclasses.in/,https://dharamclasses.in/,B.com,2026-06-07T14:47:19.095106+00:00
245,"Study Abroad Consultant, Get Free Counselling! | AECC",+9118005724422,,Thane,Maharashtra,https://www.aeccglobal.com/,https://www.aeccglobal.com/,B.com,2026-06-07T14:47:29.952811+00:00
246,"Commerce Coaching Services, Commerce Tutorials in Thane, कॉमर्स कोचिंग सर्विस, ठाणे",,,Thane,Maharashtra,https://m.indiamart.com/city/thane/commerce-coaching-services.html,https://m.indiamart.com/city/thane/commerce-coaching-services.html,Baf,2026-06-07T14:47:32.226831+00:00
247,Contact Us - Karnavat Classes,+919320088453," H.O. – 1st Floor, Ramgumpha Apartment, Lohar Lane, Near Railway Station, Behind Tip Top Mithai Wala, Thane West – 400601",Thane,Maharashtra,https://karnavatclasses.com/contact-us/,https://karnavatclasses.com/contact-us/,Baf,2026-06-07T14:47:38.980165+00:00
260,"BBA Coaching in Thane, Top BBA Classes Thane, Maharashtra",+918920180477,"Every session, several students make their entry from Thane or its nearby locations such as Murbad, Kalyan and Titwala Shahpur into the institute to make the largest career jump.",Thane,Maharashtra,https://studycampus.co.in/bba-coaching-institute-in-thane-mumbai.html,https://studycampus.co.in/bba-coaching-institute-in-thane-mumbai.html,Bba,2026-06-07T14:47:55.038440+00:00
266,"Career Launcher Thane - CLAT, CAT, IPM & LLB 5-Year Coaching",+919311378756,"Address Career Launcher, Office No. 9A, 1st Floor, Ramanand CHS Ltd Opp. Mango Stationery, Gokhle Road, Naupada, Thane (West), Mumbai, Maharashtra 400602",Thane,Maharashtra,https://www.careerlauncher.com/thane/,https://www.careerlauncher.com/thane/,Bba,2026-06-07T14:47:56.837396+00:00
267,Digital Marketing Courses in Thane with 100% Placement | IIDE,+919619958615,,Thane,Maharashtra,https://iide.co/blog/digital-marketing-courses-in-thane/,https://iide.co/blog/digital-marketing-courses-in-thane/,Bba,2026-06-07T14:47:59.758513+00:00
268,Best BBA Coaching Near Me | Dnyanvardhini,+918308830434,,Thane,Maharashtra,https://www.dnyanvardhini.co.in/BBA-Classes-in-Nashik,https://www.dnyanvardhini.co.in/BBA-Classes-in-Nashik,Bba,2026-06-07T14:48:01.940341+00:00
269,Ardent Tutorials | Best Commerce Class in Thane | XI and XII,+919820343950,"601-602, Iris Shopping, Hiranandani Meadows, Thane – 400610",Thane,Maharashtra,https://ardenttutorials.in/,https://ardenttutorials.in/,Bba,2026-06-07T14:48:04.855626+00:00
271,Best MAHCET Coaching Classes in Thane - Uni Entree,+917038568884,,Thane,Maharashtra,https://unientree.com/best-mahcet-coaching-classes-in-thane/,https://unientree.com/best-mahcet-coaching-classes-in-thane/,Bba,2026-06-07T14:48:12.277540+00:00
272,"BBA (Business Administration) Tutors in singhal road Beyond Thane | Verified Teachers, Free Demo",,"Yes. Verified home BBA (Business Administration) tutors are available across singhal road and nearby localities in Beyond Thane. Filter by location, class, board, and teaching mode to find tutors who visit your area for in-person tuition. Use demo-first comparison to reduce mismatch risk.",Thane,Maharashtra,https://www.suganta.com/singhal-road/bba-business-administration-teachers-in-beyond-thane-69?srsltid=AfmBOopT2O8dS2Ju7Ad43e_G4tLhXY20YJ8o5hlI4ArQ53Q1e-Ki8hNu,https://www.suganta.com/singhal-road/bba-business-administration-teachers-in-beyond-thane-69?srsltid=AfmBOopT2O8dS2Ju7Ad43e_G4tLhXY20YJ8o5hlI4ArQ53Q1e-Ki8hNu,Bba,2026-06-07T14:48:15.323885+00:00
273,"5 Best Coaching centre in Thane, MH - 5BestINcity.com",,,Thane,Maharashtra,https://ind.5bestincity.com/coaching-classes-in-thane-mh,https://ind.5bestincity.com/coaching-classes-in-thane-mh,Bba,2026-06-07T14:48:16.748508+00:00
274,Kokate Commerce Classes in Thane,+919867202299,,Thane,Maharashtra,https://kokateclasses.com/,https://kokateclasses.com/,Commerce,2026-06-07T14:48:18.179002+00:00
283,Excel Commerce Classes | Commerce Tuitions 11th And 12th Std,+912249472613,"Excel Commerce Classes Mumbai address, map and road map",Thane,Maharashtra,https://infobizline.in/listing/excel-commerce-classes-thane-west-mumbai/57750,https://infobizline.in/listing/excel-commerce-classes-thane-west-mumbai/57750,Commerce,2026-06-07T14:48:31.619295+00:00
284,"Coaching Classes For Commerce in Thane, Mumbai",+919930011452,,Thane,Maharashtra,https://www.edgrade.com/study-courses-mumbai-Coaching-Commerce.html,https://www.edgrade.com/study-courses-mumbai-Coaching-Commerce.html,Commerce,2026-06-07T14:48:35.777093+00:00
285,"Commerce Coaching for CA,CS,CWA,CFA, FY/SY/TY B.com Commerce Coaching Class Thane",,,Thane,Maharashtra,https://karnavatclasses.wordpress.com/2015/04/24/commerce-coaching-for-cacscwacfa-fysyty-b-com-commerce-coaching-class-thane/,https://karnavatclasses.wordpress.com/2015/04/24/commerce-coaching-for-cacscwacfa-fysyty-b-com-commerce-coaching-class-thane/,Commerce,2026-06-07T14:48:41.582256+00:00
286,"Best Commerce Academy in Nashik, Maharashtra, India",,,Nashik,Maharashtra,https://www.amolkasarsakca.com/,https://www.amolkasarsakca.com/,B.com,2026-06-07T14:48:44.811555+00:00
287,"5 Best Coaching centre in Nashik, MH - 5BestINcity.com",,"Pravin Academy 0.0 (0 review) Flat No 1, Chitco Center, Vakil Wadi, Ashok Stambh",Nashik,Maharashtra,https://ind.5bestincity.com/coaching-classes-in-nashik-mh,https://ind.5bestincity.com/coaching-classes-in-nashik-mh,B.com,2026-06-07T14:48:46.777846+00:00
288,B.com Coaching in Delhi,,,Nashik,Maharashtra,https://medium.com/@urbanpro889/b-com-coaching-in-delhi-37dafbf1e974,https://medium.com/@urbanpro889/b-com-coaching-in-delhi-37dafbf1e974,B.com,2026-06-07T14:48:53.757588+00:00
289,"Ashoka Universal School  Nashik: Fee Structure, Admission Form 2026-2027",+919311455776,"Nashik, 422011",Nashik,Maharashtra,https://www.uniapply.com/school/ashoka-universal-school-ashoka-marg-nashik/,https://www.uniapply.com/school/ashoka-universal-school-ashoka-marg-nashik/,Baf,2026-06-07T14:49:02.823329+00:00
291,"ELC - Excellence Learning Centre Pvt. Ltd - Coaching for Mba Cat Cet, Bba Bca Cet in Nashik",+918459201314,,Nashik,Maharashtra,https://yandex.com/maps/org/elc_excellence_learning_centre_pvt_ltd_coaching_for_mba_cat_cet_bba_bca_cet_in_nashik/78377759205/,https://yandex.com/maps/org/elc_excellence_learning_centre_pvt_ltd_coaching_for_mba_cat_cet_bba_bca_cet_in_nashik/78377759205/,Bba,2026-06-07T14:49:28.303417+00:00
292,Course Structure,,,Nashik,Maharashtra,https://bykcollege.com/course-structure/,https://bykcollege.com/course-structure/,Bba,2026-06-07T14:49:32.690562+00:00
300,Home | Brahmanand Commerce Classes,+918459806928,,Nashik,Maharashtra,https://balaksomeshwar.wixsite.com/brahmanadcommercecla,https://balaksomeshwar.wixsite.com/brahmanadcommercecla,Commerce,2026-06-07T14:49:51.391813+00:00
303,Trident Coaching Institute | Nashik's Trusted Coaching Center,,"Above Govind Dande Jewellers, Near Datta Mandir Signal, Nashik Road, Nashik",Nashik,Maharashtra,https://www.tridentcoachinginstitute.com/,https://www.tridentcoachinginstitute.com/,Commerce,2026-06-07T14:50:02.633007+00:00
307,Dnyanvardhini Coaching Institute - Commerce & Law Classes In Nashik,,,Nashik,Maharashtra,https://www.ezyspot.com/story/dnyanvardhini-coaching-institute-commerce-law-classes-in-nashik/,https://www.ezyspot.com/story/dnyanvardhini-coaching-institute-commerce-law-classes-in-nashik/,Commerce,2026-06-07T14:50:11.257583+00:00
308,Yandex video arama,+911136835012,,Aurangabad,Maharashtra,https://twitter.yandex.com.tr/video/search?text=köylü+cıplak&where=all,https://twitter.yandex.com.tr/video/search?text=köylü+cıplak&where=all,B.com,2026-06-07T14:50:22.573256+00:00
317,M Com Entrance Coaching Institute in Delhi | Best M.Com Entrance Coaching Classes Delhi | M.com Entrance Coaching North Delhi | Best M.Com Entrance Coaching in Delhi | Best M.Com Entrance Coaching in ,+919560268076,"Nice location at Main Ring Road GTB Nagar, North Campus of Delhi University – Near GTB Nagar Metro Station Gate No.-1. Convenient for all mode and route Bus, Metro and personal vehicles.",Aurangabad,Maharashtra,https://www.ugentrance.com/,https://www.ugentrance.com/,B.com,2026-06-07T14:50:36.799578+00:00
319,"Top Schools in Aurangabad for Class 12 2026-27: Fees, Admissions, Rankings & Reviews",+918766340464,,Aurangabad,Maharashtra,https://ezyschooling.com/admissions/12-school-admission-in-aurangabad,https://ezyschooling.com/admissions/12-school-admission-in-aurangabad,Baf,2026-06-07T14:50:45.112418+00:00
320,Top Tally Classes in Aurangabad with GST,+917039169629,,Aurangabad,Maharashtra,https://abctraining.in/blog/top-tally-classes-in-aurangabad-with-gst,https://abctraining.in/blog/top-tally-classes-in-aurangabad-with-gst,Baf,2026-06-07T14:50:53.248485+00:00
323,Best BBA Coaching in Aurangabad | IMS India,,,Aurangabad,Maharashtra,https://www.imsindia.com/campaign/bba-coaching-aurangabad.html,https://www.imsindia.com/campaign/bba-coaching-aurangabad.html,Bba,2026-06-07T14:51:08.954011+00:00
324,"Government Polytechnic, Aurangabad in Aurangabad | Singh Education",+919766910486,,Aurangabad,Maharashtra,"https://www.singheducation.co.in/City-Aurangabad/Government-Polytechnic,-Aurangabad/","https://www.singheducation.co.in/City-Aurangabad/Government-Polytechnic,-Aurangabad/",Bba,2026-06-07T14:51:12.175319+00:00
325,"BBA Course - Syllabus, Eligibility, Admission and Jobs",+919972046911,,Aurangabad,Maharashtra,https://igniteindiaeducation.com/course-bba/,https://igniteindiaeducation.com/course-bba/,Bba,2026-06-07T14:51:18.048313+00:00
328,Join Nikhil Commerce Classes in Aurangabad Today!,+917383536532,"1st Floor, Shreeji Arcade, Opposite Dena Bank, Junction Of S V and M G Road, Kandivali West, Mumbai-400067, Maharashtra",Aurangabad,Maharashtra,https://www.tuition.in/coaching-centers/aurangabad/nikhil-commerce-classes/,https://www.tuition.in/coaching-centers/aurangabad/nikhil-commerce-classes/,Commerce,2026-06-07T14:51:27.652093+00:00
329,Teachwell Commerce Classes Coaching Classes in Aurangabad Maharashtra (#wj43pnsrr),+912403250444,,Aurangabad,Maharashtra,https://www.edufrog.in/coaching-institute/teachwell-commerce-classes-aurangabad-maharashtra-wj43pnsrr.html,https://www.edufrog.in/coaching-institute/teachwell-commerce-classes-aurangabad-maharashtra-wj43pnsrr.html,Commerce,2026-06-07T14:51:30.331445+00:00
330,Achiever Commerce Classes - Aurangabad Reviews and Ratings - MouthShut.com,+911234567890,,Aurangabad,Maharashtra,https://www.mouthshut.com/product-reviews/achiever-commerce-classes-aurangabad-reviews-926141503,https://www.mouthshut.com/product-reviews/achiever-commerce-classes-aurangabad-reviews-926141503,Commerce,2026-06-07T14:51:37.303662+00:00
332,Top MBA-CET Coaching in Solapur - Proven Success at Bakle Classes,,,Solapur,Maharashtra,https://bakleclasses.com/index.php/mba-cet-coaching-solapur/,https://bakleclasses.com/index.php/mba-cet-coaching-solapur/,Baf,2026-06-07T14:52:05.112731+00:00
333,Online NIOS 12th Admission Support for Mass Communication in Solapur,,,Solapur,Maharashtra,https://swotacademy.in/best-nios-12th-online-classes-in-solapur-join-mass-communication-today/,https://swotacademy.in/best-nios-12th-online-classes-in-solapur-join-mass-communication-today/,Baf,2026-06-07T14:52:12.275068+00:00
334,Home - Bakle Classes,,,Solapur,Maharashtra,https://bakleclasses.com/,https://bakleclasses.com/,Bba,2026-06-07T14:52:29.978466+00:00
335,"Hirachand Nemchand College of Commerce, Solapur",,,Solapur,Maharashtra,https://hnccsolapur.org/,https://hnccsolapur.org/,Bba,2026-06-07T14:52:32.765458+00:00
336,Bakle Classes Solapur Maharashtra,+918956262651,"Address: 162/18 A, Railway Lines, Old Employment Chowk, VIP Road, Opposite City Hospital, Railway Lines, Solapur, Maharashtra 413001 Year Established: 2018 Contact Person: Atul Bakle Sir Contact No: 8956262651",Solapur,Maharashtra,https://www.coachingvista.in/profile/institute/bakle-classes-834,https://www.coachingvista.in/profile/institute/bakle-classes-834,Bba,2026-06-07T14:52:34.203291+00:00
337,ClearExam: Best CLAT Coaching in Delhi | Best CLAT Coaching Center | CLAT Online Coaching,+919394949438,,Solapur,Maharashtra,https://www.clearlawentrance.com/,https://www.clearlawentrance.com/,Bba,2026-06-07T14:52:46.921531+00:00
338,"Sinhgad Institutes, Sinhgad Management Institutes",+919228151258,Gat No. 273/2/A,Solapur,Maharashtra,https://www.collegesearch.in/colleges/sinhgad-institutes-sinhgad-management-institutes-solapur,https://www.collegesearch.in/colleges/sinhgad-institutes-sinhgad-management-institutes-solapur,Bba,2026-06-07T14:52:50.065110+00:00
346,BEST DIGITAL MARKETING CLASSES IN SOLAPUR - PIT Digital Marketing,,,Solapur,Maharashtra,https://pooinfotech.com/best-digital-marketing-classes-in-solapur/,https://pooinfotech.com/best-digital-marketing-classes-in-solapur/,Commerce,2026-06-07T14:52:55.768372+00:00
347,Food Centers in Solapur,+917385111191,,Solapur,Maharashtra,https://solapurmall.com/listing.php?cat=Classes,https://solapurmall.com/listing.php?cat=Classes,Commerce,2026-06-07T14:52:57.490055+00:00
356,Digital Marketing Course in Solapur,+912071173883,,Solapur,Maharashtra,https://www.sevenmentor.com/digital-marketing-course-in-solapur,https://www.sevenmentor.com/digital-marketing-course-in-solapur,Commerce,2026-06-07T14:53:01.068541+00:00
359,Best Commerce Coaching in Indore | AN Outfox Academy,+916268348685,"MR 10 Road, Vijay Nagar Indore, Madhya Pradesh — 452010 📞 +91 62683 48685 🌐 anoutfoxacademy.in",Solapur,Maharashtra,https://anoutfoxacademy.in/,https://anoutfoxacademy.in/,Commerce,2026-06-07T14:53:18.374950+00:00
360,"Bhogawati Mahavidyalaya kolhapur: Courses, Admission 2025, Fees, Scholarship, Placements, Ranking",,,Kolhapur,Maharashtra,https://universitykart.com/university/universitydetails/bhogawati-mahavidyalaya-kolhapur,https://universitykart.com/university/universitydetails/bhogawati-mahavidyalaya-kolhapur,Commerce,2026-06-07T14:54:22.048591+00:00
361,Best NATA Coaching in Kolhapur 2026 / 2027 | Crack B.Arch with SILICA,+919156513030,,Kolhapur,Maharashtra,https://silica.co.in/nata-coaching-in-kolhapur,https://silica.co.in/nata-coaching-in-kolhapur,Commerce,2026-06-07T14:54:24.252320+00:00
384,Best Tally Prime Class in Kolhapur : - Shree Computer Education,,,Kolhapur,Maharashtra,https://tallyclassinkolhapur.blogspot.com/2019/11/best-tally-classes-in-kolhapur-tally.html,https://tallyclassinkolhapur.blogspot.com/2019/11/best-tally-classes-in-kolhapur-tally.html,Commerce,2026-06-07T14:54:27.187159+00:00
385,Data Analytics Training Classes in Kolhapur,+918888809416,,Kolhapur,Maharashtra,https://thekiranacademy.com/data-analytics-course-in-kolhapur,https://thekiranacademy.com/data-analytics-course-in-kolhapur,Commerce,2026-06-07T14:54:30.153262+00:00
386,Freydis Elterncoaching,,,Amravati,Maharashtra,https://freydis-coaching.com/,https://freydis-coaching.com/,B.com,2026-06-07T14:54:43.117357+00:00
387,b.com Coaching in Delhi,,,Amravati,Maharashtra,https://medium.com/@prourban321/b-com-coaching-in-delhi-de5b610652a4,https://medium.com/@prourban321/b-com-coaching-in-delhi-de5b610652a4,B.com,2026-06-07T14:54:48.701838+00:00
388,Amravati DCC Bank Bharti 2025: अमरावती जिल्हा मध्यवर्ती सहकारी बँक मध्ये कंत्राटी स्वरूपाची पदे भरण्याबाबतची जाहिरात २०२५,,,Amravati,Maharashtra,https://mahasarkar.co.in/amravati-dccb-bharti/,https://mahasarkar.co.in/amravati-dccb-bharti/,Baf,2026-06-07T14:55:02.411839+00:00
392,Best BBA Coaching From Jamia Milia Islamia in Delhi,+919582715775,,Amravati,Maharashtra,https://careerleaders.in/best-bba-coaching-from-jamia-milia-islamia-in-delhi/page/2/?et_blog,https://careerleaders.in/best-bba-coaching-from-jamia-milia-islamia-in-delhi/page/2/?et_blog,Bba,2026-06-07T14:55:33.769878+00:00
393,Top Institutes in Amravati,+919607768696,,Amravati,Maharashtra,https://sgni.in/course/amravati/,https://sgni.in/course/amravati/,Commerce,2026-06-07T14:55:43.421502+00:00
441,Digital Marketing Classes In Amravati - PIT Digital Marketing,,,Amravati,Maharashtra,https://pooinfotech.com/best-digital-marketing-classes-in-amravati/,https://pooinfotech.com/best-digital-marketing-classes-in-amravati/,Commerce,2026-06-07T14:55:46.194097+00:00
442,Best ✔️CLAT Coaching Center in Amravati | Join Law Entrance Coaching,+919903635533,"2nd Floor Krishna Complex Beside , Agrawal Pump Irwin Square, Maharashtra 444601",Amravati,Maharashtra,https://www.clatapult.com/amravati/,https://www.clatapult.com/amravati/,Commerce,2026-06-07T14:55:58.484002+00:00
444,"BMS Classes in Goregaon Mumbai CBSE, ICSE, IGCSE, IB, Commerce, Science,  Maths, Langauges.",+918178015153,,Navi Mumbai,Maharashtra,https://bmsclasses.wordpress.com/2011/07/01/bms-classes-in-mumbai/,https://bmsclasses.wordpress.com/2011/07/01/bms-classes-in-mumbai/,Baf,2026-06-07T14:56:34.389914+00:00
448,"Access Education computer and coaching classes | Nerul, Navi Mumbai",,,Navi Mumbai,Maharashtra,https://www.access-education.in/,https://www.access-education.in/,Baf,2026-06-07T14:56:39.573440+00:00
449,"Career Launcher Navi Mumbai (Nerul) | CLAT, CAT, IPMAT, BBA Coaching Institute",+919702006400,"Address 202, Jagannath Niwas, Plot No. A42/A43, Sector 20 Above Parijat Sweets, Opp. Nerul Railway Station, Nerul West, Navi Mumbai, Mumbai, Maharashtra 400706",Navi Mumbai,Maharashtra,https://www.careerlauncher.com/center/navimumbai/nerul/,https://www.careerlauncher.com/center/navimumbai/nerul/,Bba,2026-06-07T14:57:00.932055+00:00
450,Commerce Classes in Navi Mumbai,+919323394417,,Navi Mumbai,Maharashtra,https://medium.com/@kishorkarna06/commerce-classes-in-navi-mumbai-1987a5433932,https://medium.com/@kishorkarna06/commerce-classes-in-navi-mumbai-1987a5433932,Commerce,2026-06-07T14:57:09.043934+00:00
451,Digital Marketing Training Courses - Certification Programs,+918070080999,,Navi Mumbai,Maharashtra,https://www.proideators.com/,https://www.proideators.com/,Commerce,2026-06-07T14:57:14.954042+00:00
453,Online NIOS 10th Admission Support for Mass Communication in Sangli,,,Sangli,Maharashtra,https://swotacademy.in/best-nios-10th-online-classes-in-sangli-join-mass-communication-today/,https://swotacademy.in/best-nios-10th-online-classes-in-sangli-join-mass-communication-today/,Baf,2026-06-07T14:57:43.414093+00:00
454,Find Top Businesses in your city on India's No.1 Local Search Engine - IndiaOnline,,"Uttam Nagar, Delhi",Sangli,Maharashtra,https://ads.sanglionline.in/community/classes,https://ads.sanglionline.in/community/classes,Baf,2026-06-07T14:57:48.113395+00:00
455,"Government Industrial Training Institute, Sangli Sangli, Maharashtra Course Fee Structure 2026, Faculties, Job Prospects and Career Options, Recruitment sectors",,,Sangli,Maharashtra,https://universitydunia.com/institute/5879-government-industrial-training-institute-sangli/fee-structure,https://universitydunia.com/institute/5879-government-industrial-training-institute-sangli/fee-structure,Baf,2026-06-07T14:57:57.117337+00:00
456,Are Online BBA Classes Live or Recorded in India?,+918956667205,,Sangli,Maharashtra,https://www.bduedu.in/online-bba/online-bba-live-vs-recorded-classes,https://www.bduedu.in/online-bba/online-bba-live-vs-recorded-classes,Bba,2026-06-07T14:58:01.406894+00:00
457,BBA Coaching in Andheri,+917700008850,"Welcome to Study Campus, the renowned establishment that applied relevant methods of teaching and learning to get the students clear various competitive and entrance exams for a bright future ahead. We offer BBA coaching classes in Andheri Mumbai for the locals and proximal locations such as Vijay Nagar, Ville Parle, Shree Sambhaji Nagar and many more.",Sangli,Maharashtra,https://studycampus.in/bba-coaching-classes-andheri-mumbai/,https://studycampus.in/bba-coaching-classes-andheri-mumbai/,Bba,2026-06-07T14:58:13.247655+00:00
464,Top Law/Management Coaching Institutes,+919216937105,"Let’s Connect at Our Main Office admin@hitbullseye.com +91 9216937105 E-305, Industrial Area, Sahibzada Ajit Singh Nagar, Punjab 160055, IN",Sangli,Maharashtra,https://grad.hitbullseye.com/Coaching-Classes?field_tags_tid=&page=6,https://grad.hitbullseye.com/Coaching-Classes?field_tags_tid=&page=6,Bba,2026-06-07T14:58:16.186823+00:00
466,Digital Marketing Courses in Sangli | Training Institute - PIT Digital Marketing,,,Sangli,Maharashtra,https://pooinfotech.com/best-digital-marketing-classes-in-sangli/,https://pooinfotech.com/best-digital-marketing-classes-in-sangli/,Commerce,2026-06-07T14:58:25.503781+00:00
474,SixLanes AI - Sangli's Startups & Business Growth Platform,+917387422490,,Sangli,Maharashtra,https://sixlanesai.com/,https://sixlanesai.com/,Commerce,2026-06-07T14:58:31.976415+00:00
475,Best B.Com Coaching in Prayagraj/Allahabad | KCC,,,Malegaon,Maharashtra,https://blog.kisalaycommerceclasses.com/b-com-coaching-in-prayagraj/,https://blog.kisalaycommerceclasses.com/b-com-coaching-in-prayagraj/,B.com,2026-06-07T14:58:41.780842+00:00
483,Online NIOS 12th Admission Support for Accountancy in Malegaon,,,Malegaon,Maharashtra,https://swotacademy.in/best-nios-12th-online-classes-in-malegaon-join-accountancy-today/,https://swotacademy.in/best-nios-12th-online-classes-in-malegaon-join-accountancy-today/,Baf,2026-06-07T14:58:46.986625+00:00
484,IPM BBA Coaching Programs for Entrances | IMS India,,,Malegaon,Maharashtra,https://www.imsindia.com/programs/ipm-bba/,https://www.imsindia.com/programs/ipm-bba/,Bba,2026-06-07T14:59:02.908755+00:00
485,"BBA Coaching in Kirti Nagar, BBA Coaching in Delhi",+919891779712,"+91-99115 04761 +91-99111 04761 +91-98917 79712 dhingraeducationb@gmail.com Floor D, Block Ground, 87 A, Block D,, Kirti Nagar, New Delhi 110015 - India",Malegaon,Maharashtra,https://www.dhingraeducation.in/bba-coaching.html,https://www.dhingraeducation.in/bba-coaching.html,Bba,2026-06-07T14:59:16.353391+00:00
494,Best Commerce Coaching in Patna - Chartered Commerce,+919570718434,,Malegaon,Maharashtra,https://charteredcommerce.org/,https://charteredcommerce.org/,Commerce,2026-06-07T14:59:29.308707+00:00
506,Commerce Coaching,+919312011906,,Malegaon,Maharashtra,https://accountscoaching.com/,https://accountscoaching.com/,Commerce,2026-06-07T14:59:31.573104+00:00
507,ALLEN Career Institute Rajkot - Top Coaching Institute in Jamnagar,,"Address : ALLEN Career Institute, Ishavasyam, Opp. I.O.C. Quarters, B/H Crystal Mall, Kalavad Rd, Rajkot, Jamnagar, Gujarat, India, 360005",Malegaon,Maharashtra,https://www.joonsquare.com/coaching-institute/allen-career-institute-jamnagar,https://www.joonsquare.com/coaching-institute/allen-career-institute-jamnagar,Commerce,2026-06-07T14:59:34.007072+00:00
508,Best Commerce Coaching in Boring Road Patna - Rankers Commerce,+919386035411,,Malegaon,Maharashtra,https://www.rankerscommerce.in/boringroad-patna,https://www.rankerscommerce.in/boringroad-patna,Commerce,2026-06-07T14:59:37.320269+00:00
513,Best JALGAON COACHING CLASSES in India: Read Customer Reviews & Ratings,,,Jalgaon,Maharashtra,https://www.mouthshut.com/jalgaon-coaching-classes-proid-925899304,https://www.mouthshut.com/jalgaon-coaching-classes-proid-925899304,Bba,2026-06-07T15:00:17.439423+00:00
515,Displaying All EAMCET CoachingType of Training Institutes with all courses,+914027177269,,Jalgaon,Maharashtra,https://www.manabadi.co.in/institute/TrgInstSrchTypeofTrgInst.aspx?strTYPId=10,https://www.manabadi.co.in/institute/TrgInstSrchTypeofTrgInst.aspx?strTYPId=10,Commerce,2026-06-07T15:00:28.379171+00:00
533,Amanz Commerce Institute Ludhiana | Best Commerce Coaching,,,Jalgaon,Maharashtra,https://aciedu.org/,https://aciedu.org/,Commerce,2026-06-07T15:00:31.163907+00:00
535,"Moral Coaching Institute, Rohini, Delhi,  Best Commerce Tuition Classes/Coaching in Delhi for 11th, 12th & Graduation, Delhi,  Study Centre in Delhi, Academic Courses Centre in Rohini, Professional Co",+919810833899,,Akola,Maharashtra,https://moralcoachinginstitute.com/features.html,https://moralcoachinginstitute.com/features.html,B.com,2026-06-07T15:00:43.984558+00:00
536,Ajay Kute Academy Mumbai - Top Coaching Institute in Akola,+919823651265,"Address : Ajay Kute Academy, Behind Akola Akashawani Kendra, Shastri Nagar, Mumbai, Akola, Maharashtra, India, 444001",Akola,Maharashtra,https://www.joonsquare.com/coaching-institute/ajay-kute-academy-akola,https://www.joonsquare.com/coaching-institute/ajay-kute-academy-akola,Baf,2026-06-07T15:01:01.907586+00:00
537,Shivdhara Institute - Akola Reviews and Ratings - MouthShut.com,,,Akola,Maharashtra,https://www.mouthshut.com/product-reviews/shivdhara-institute-akola-reviews-926141219,https://www.mouthshut.com/product-reviews/shivdhara-institute-akola-reviews-926141219,Baf,2026-06-07T15:01:11.261428+00:00
539,Kedia Commerce Classes,+919881331553,"Main Centre Opp. SA College, RLT College Road, Civil Lines, Akola – Maharashtra Also At Godbole Plot, Dabki Road, Akola – Maharashtra Call / WhatsApp 9881331553 9273963672 Batch Timings Morning & Evening Batches Available Monday – Saturday",Akola,Maharashtra,https://kediacommerceclasses.com/,https://kediacommerceclasses.com/,Commerce,2026-06-07T15:01:21.489484+00:00
543,Data Analytics Classes in Akola,+912071171500,,Akola,Maharashtra,https://www.sevenmentor.com/data-analytics-classes-in-akola,https://www.sevenmentor.com/data-analytics-classes-in-akola,Commerce,2026-06-07T15:01:36.772120+00:00
548,"Leading the Way in CA Intermediate, 11th-12th Science Coaching, and B.Com Classes in Delhi",,,Latur,Maharashtra,https://medium.com/@mansivohraclasses/leading-the-way-in-ca-intermediate-11th-12th-science-coaching-and-b-com-classes-in-delhi-6ece18f7643c,https://medium.com/@mansivohraclasses/leading-the-way-in-ca-intermediate-11th-12th-science-coaching-and-b-com-classes-in-delhi-6ece18f7643c,B.com,2026-06-07T15:01:47.570645+00:00
549,Best Schools in Latur Maharashtra,,,Latur,Maharashtra,https://www.joonsquare.com/search/latur/schools,https://www.joonsquare.com/search/latur/schools,Baf,2026-06-07T15:01:56.431151+00:00
550,"OM SAi Commerce Classes, Latur",+919604452436,"Shantai Cotbasis, MG Rd, Khadgaon Rd, Sambhaji Nagar, Latur, Maharashtra 413512, India",Latur,Maharashtra,https://yappe.in/maharashtra/latur/om-sai-commerce-classes-latur/344430,https://yappe.in/maharashtra/latur/om-sai-commerce-classes-latur/344430,Commerce,2026-06-07T15:02:13.775414+00:00
551,Best B.com Coaching Classes In Janakpuri - Mansi Vohra,+919220162049,"67 & 73, 5/F Left Side, Sewak Park, Uttam Nagar, near Dwarka Mor Metro Station, New Delhi-110059",Dhule,Maharashtra,https://www.mvcprodigy.com/best-b-com-coaching-classes-in-janakpuri/,https://www.mvcprodigy.com/best-b-com-coaching-classes-in-janakpuri/,B.com,2026-06-07T15:02:27.341392+00:00
562,Advanced Digital Marketing Courses In Dhule - PIT Digital Marketing,,,Dhule,Maharashtra,https://pooinfotech.com/best-digital-marketing-classes-in-dhule/,https://pooinfotech.com/best-digital-marketing-classes-in-dhule/,Commerce,2026-06-07T15:03:12.571103+00:00
564,RMS CA COACHING | India's Best Commerce and CA Coaching | Chandigarh,+919988056377,,Dhule,Maharashtra,https://www.rms-cacoaching.com/,https://www.rms-cacoaching.com/,Commerce,2026-06-07T15:03:22.593904+00:00
565,Foreclosure India,,,Ahmednagar,Maharashtra,https://foreclosureindia.com/,https://foreclosureindia.com/,B.com,2026-06-07T15:03:31.794620+00:00
567,CBSE Schools in Ahmednagar | Orchids The International School Ahmednagar,+919999431999,,Ahmednagar,Maharashtra,https://www.orchidsinternationalschool.com/ahmednagar-branches,https://www.orchidsinternationalschool.com/ahmednagar-branches,Baf,2026-06-07T15:03:39.800074+00:00
568,Ahmednagar Archives | Aristo Kids,+919390353148,,Ahmednagar,Maharashtra,https://www.aristokids.in/category/ahmednagar/,https://www.aristokids.in/category/ahmednagar/,Baf,2026-06-07T15:03:47.042834+00:00
571,Top CA Coaching Institute Ahmednagar Archives - Excellent commerce point,+919534443950,"256/4 Marla, model town, near krishna mandir, sector 11, gurgaon",Ahmednagar,Maharashtra,https://ecpgurgaon.com/tag/top-ca-coaching-institute-ahmednagar/,https://ecpgurgaon.com/tag/top-ca-coaching-institute-ahmednagar/,Bba,2026-06-07T15:04:15.446361+00:00
573,"Best MHT CET, 11th & 12th Coaching Classes in Ahmednagar  - QuickFinds",,,Ahmednagar,Maharashtra,https://quickfinds.in/education-learning-classes/tuition-classes/best-mht-cet-11th-amp-12th-coaching-classes-in-ahmednagar_i373344,https://quickfinds.in/education-learning-classes/tuition-classes/best-mht-cet-11th-amp-12th-coaching-classes-in-ahmednagar_i373344,Commerce,2026-06-07T15:04:21.270407+00:00
576,Best Commerce Coaching in Gandhidham | Innovative Academy,+919081555505,"Near Bus Station, Plot No. 45, Gandhidham, Kutch, Gujarat 370201",Ahmednagar,Maharashtra,https://innovativeacademy.co.in/gandhidham-commerce-coaching/,https://innovativeacademy.co.in/gandhidham-commerce-coaching/,Commerce,2026-06-07T15:04:42.804194+00:00
577,Best B.Com (Hons) Entrance Coaching in Delhi | Expert Guide,+918448158352,,Chandrapur,Maharashtra,https://careerleaders.in/best-b-com-hons-entrance-coaching-in-delhi-expert-guide/,https://careerleaders.in/best-b-com-hons-entrance-coaching-in-delhi-expert-guide/,B.com,2026-06-07T15:04:59.071531+00:00
580,Best CHANDRAPUR COACHING CLASSES in India: Read Customer Reviews & Ratings,,,Chandrapur,Maharashtra,https://www.mouthshut.com/chandrapur-coaching-classes-proid-925873759,https://www.mouthshut.com/chandrapur-coaching-classes-proid-925873759,Baf,2026-06-07T15:05:09.367150+00:00
581,"Endeavor Careers | Best CAT, CMAT, MHCET Coaching Institute",+918733003330,,Chandrapur,Maharashtra,https://www.endeavorcareers.com/,https://www.endeavorcareers.com/,Bba,2026-06-07T15:05:32.126284+00:00
582,"Arts Commerce And Science College Chandrapur: Courses, Admission 2025, Fees, Scholarship, Placements, Ranking",,,Chandrapur,Maharashtra,https://universitykart.com/university/universitydetails/arts-commerce-and-science-college-chandrapur,https://universitykart.com/university/universitydetails/arts-commerce-and-science-college-chandrapur,Commerce,2026-06-07T15:05:38.498269+00:00
583,Best 12th Commerce Classes in Jaipur | VSI Jaipur,+918905991427,,Chandrapur,Maharashtra,https://www.vsijaipur.com/12th-commerce-classes/,https://www.vsijaipur.com/12th-commerce-classes/,Commerce,2026-06-07T15:05:41.201513+00:00
604,Coaching Classes- Vadodara - Tejasvi Classes,+918092874568,"3rd Floor, DAS PLAZA Vrundavan Cross Road, B/s. Sankheda Dashalad Bhavan / Zarola Bhavan, Dabhoi - Waghodia Ring Rd, Gandhinagar, Gujarat, 390019, India",Chandrapur,Maharashtra,https://www.businessinfolink.com/vendors/10937.html,https://www.businessinfolink.com/vendors/10937.html,Commerce,2026-06-07T15:05:50.590860+00:00
626,Trusted Commerce Coaching Institute for Class 11 in 2026 â Expert Guidance for Strong Exam Results | Raja Commerce Coaching Center,+919832190999,,Chandrapur,Maharashtra,https://digitalindians.in/raja-commerce-coaching-center/blogs/commerce-coaching-2025-enroll-today-for-class-11-success,https://digitalindians.in/raja-commerce-coaching-center/blogs/commerce-coaching-2025-enroll-today-for-class-11-success,Commerce,2026-06-07T15:05:56.685237+00:00
627,PRAYOG INSTITUTE,+919009540080,,Chandrapur,Maharashtra,https://id.vyaparify.com/prayog-institute,https://id.vyaparify.com/prayog-institute,Commerce,2026-06-07T15:06:04.428652+00:00
628,Best Commerce Coaching in Kankarbagh Patna | Sukrishna Commerce Academy,+918051000032,"Select Branch Boring Road, Patna Kankarbagh, Patna Gola Road, Patna Saguna More, Patna Anisabad, Patna Ashiana (Ram Nagari), Patna Select Course 11th Class 12th Class B.COM BBA CA CS CMA CFA CUET IPM CLAT CA + 12th Dream College + 12th Other Courses SUBMIT",Chandrapur,Maharashtra,https://sukrishnacommerce.com/kankarbagh/,https://sukrishnacommerce.com/kankarbagh/,Commerce,2026-06-07T15:06:06.415402+00:00
632,KCC Best Commerce Classes (Coaching) in Prayagraj/Allahabad,+919721406506,,Parbhani,Maharashtra,https://www.kisalaycommerceclasses.com/,https://www.kisalaycommerceclasses.com/,Commerce,2026-06-07T15:06:46.706586+00:00
634,Best Commerce Coaching in Patna | Sukrishna Commerce Academy,+919229825249,"3rd Floor, Surya Crystal, Near Boring Road.",Parbhani,Maharashtra,https://sukrishna.in/,https://sukrishna.in/,Commerce,2026-06-07T15:06:59.018271+00:00
641,"Best Digital Marketing Course in Ichalkaranji with Placements 2026: Fees, Eligibility, Institutes - JMD Study",,,Ichalkaranji,Maharashtra,https://jmdstudy.com/ichalkaranji/digital-marketing-course-in-ichalkaranji/,https://jmdstudy.com/ichalkaranji/digital-marketing-course-in-ichalkaranji/,Baf,2026-06-07T15:07:32.860908+00:00
642,Phonics Classes in Ichalkaranji,,,Ichalkaranji,Maharashtra,https://www.planetspark.in/phonics_classes_in_ichalkaranji,https://www.planetspark.in/phonics_classes_in_ichalkaranji,Baf,2026-06-07T15:07:38.314914+00:00
643,"DKTE’s Textile & Engineering Institute, Ichalkaranji",+918793630422,,Ichalkaranji,Maharashtra,https://www.insightssuccess.in/dktes-textile-engineering-institute-ichalkaranji-nurturing-learners-with-relevant-and-contemporary-technical-education/,https://www.insightssuccess.in/dktes-textile-engineering-institute-ichalkaranji-nurturing-learners-with-relevant-and-contemporary-technical-education/,Baf,2026-06-07T15:07:47.325468+00:00
645,"5 Best Interior designers in Ichalkaranji, MH - 5BestINcity.com",,"Silver Swastik Interiors 0.0 (0 review) Bohra Market, 4, 86, near Niramaya Hospital, Rajwada, Ichalkaranji, Maharashtra 416115, India",Ichalkaranji,Maharashtra,https://ind.5bestincity.com/interior-designers-in-ichalkaranji-mh,https://ind.5bestincity.com/interior-designers-in-ichalkaranji-mh,Commerce,2026-06-07T15:08:09.876145+00:00
646,Best Commerce Coaching Institute in Mohali Chandigarh,+919780172789,"SCF-117, 2nd Floor Phase-7, near Axis Bank",Ichalkaranji,Maharashtra,https://www.brightcareersolutions.com/best-commerce-coaching-classes-institute-in-mohali/,https://www.brightcareersolutions.com/best-commerce-coaching-classes-institute-in-mohali/,Commerce,2026-06-07T15:08:12.802247+00:00
647,"DKTE Society’s Textile & Engineering Institute Ichalkaranji, Kolhapurgy",+919517599935,,Ichalkaranji,Maharashtra,https://mbagate.in/college/dkte-societys-textile-engineering-institute-ichalkaranji-kolhapurgy,https://mbagate.in/college/dkte-societys-textile-engineering-institute-ichalkaranji-kolhapurgy,Commerce,2026-06-07T15:08:16.930874+00:00
648,"""Pankaj Commerce Classes: Empowering Students for Success in Commerce Education""",+918005347819,,Jalna,Maharashtra,https://www.pankajcommerceclasses.com/,https://www.pankajcommerceclasses.com/,Commerce,2026-06-07T15:08:43.501679+00:00
650,SAP MM Classes in Jalna,+912248904395,"Think of this like the backbone of SAP MM, defining how a company handles procurement and inventory across different locations.",Jalna,Maharashtra,https://www.sevenmentor.com/sap-mm-classes-in-jalna,https://www.sevenmentor.com/sap-mm-classes-in-jalna,Commerce,2026-06-07T15:08:45.768013+00:00
657,Top bba classes near me in Delhi-NCR - AskLaila,+911146094300,,Nanded,Maharashtra,https://www.asklaila.com/search/Delhi-NCR/-/bba-classes/,https://www.asklaila.com/search/Delhi-NCR/-/bba-classes/,Bba,2026-06-07T15:09:21.740438+00:00
684,"Darak Commerce Classes, Vishnu Nagar, Nanded - magicpin",,,Nanded,Maharashtra,https://magicpin.in/Nanded/Vishnu-Nagar/Education/Darak-Commerce-Classes/store/1104738,https://magicpin.in/Nanded/Vishnu-Nagar/Education/Darak-Commerce-Classes/store/1104738,Commerce,2026-06-07T15:09:34.744808+00:00
685,Why Sukrishna Commerce Academy Is Known as the Best Commerce...,,,Nanded,Maharashtra,https://www.zirvede.net/blogs/10484/Why-Sukrishna-Commerce-Academy-Is-Known-as-the-Best-Commerce,https://www.zirvede.net/blogs/10484/Why-Sukrishna-Commerce-Academy-Is-Known-as-the-Best-Commerce,Commerce,2026-06-07T15:09:54.803584+00:00
687,Displaying All Computer TrainingType of Training Institutes with all courses,+919247219859,,Satara,Maharashtra,https://www.manabadi.co.in/institute/TrgInstSrchTypeofTrgInst.aspx?strTYPId=24,https://www.manabadi.co.in/institute/TrgInstSrchTypeofTrgInst.aspx?strTYPId=24,Baf,2026-06-07T15:10:22.806342+00:00
731,Top-Notch Tutorials Dwarka - Top Coaching Institute in South Delhi,+918860242713,"Address : Top-Notch Tutorials, E-594 1st floor,Ramphal Chowk Sector-7, Dwarka, South Delhi, Delhi, India, 110075",Satara,Maharashtra,https://www.joonsquare.com/coaching-institute/top-notch-tutorials-south-delhi,https://www.joonsquare.com/coaching-institute/top-notch-tutorials-south-delhi,Baf,2026-06-07T15:10:25.397879+00:00
732,Maharashtra Best Learning Portal,,,Satara,Maharashtra,https://www.v2vedtech.com/diploma-classes-in-satara,https://www.v2vedtech.com/diploma-classes-in-satara,Bba,2026-06-07T15:10:28.279780+00:00
733,Leading BBA Classes in Borivali with best study materials.,,,Ratnagiri,Maharashtra,https://medium.com/@harshdoshi1902/leading-bba-classes-in-borivali-with-best-study-materials-fb3f5aa1ed53,https://medium.com/@harshdoshi1902/leading-bba-classes-in-borivali-with-best-study-materials-fb3f5aa1ed53,Bba,2026-06-07T15:11:06.704454+00:00
734,BEST DIGITAL MARKETING CLASSES IN RATNAGIRI - PIT Digital Marketing,,,Ratnagiri,Maharashtra,https://pooinfotech.com/best-digital-marketing-classes-in-ratnagiri/,https://pooinfotech.com/best-digital-marketing-classes-in-ratnagiri/,Commerce,2026-06-07T15:11:11.670429+00:00
738,Commerce Coaching - NB Coachings,+919872261688,"SCO- 372, Second Floor, Above Golden Bakery, SEC – 37D, Chandigarh, 160036 S.C.O – 29, Second Floor Main Market, 20D, Chandigarh, 160020",Ratnagiri,Maharashtra,https://nbcoachings.in/commerce-coaching/,https://nbcoachings.in/commerce-coaching/,Commerce,2026-06-07T15:11:26.587212+00:00
741,B Com classes in Delhi,+919899774218,"Yamuna Vihar, Bhajanpura, Delhi-110053 9899774218, 9999196292 capremji1909@gmail.com",Osmanabad,Maharashtra,https://www.commerceacademy.co.in/b-com-classes-in-delhi.php,https://www.commerceacademy.co.in/b-com-classes-in-delhi.php,B.com,2026-06-07T15:11:31.192750+00:00
743,Time in India,,,Osmanabad,Maharashtra,https://www.timeanddate.com/worldclock/india,https://www.timeanddate.com/worldclock/india,Baf,2026-06-07T15:11:37.697234+00:00
745,"Datta Commerce Classes, Wardha Road, Nagpur - magicpin",+918275249469,,Wardha,Maharashtra,https://magicpin.in/Nagpur/Wardha-Road/Education/Datta-Commerce-Classes/store/10b0969,https://magicpin.in/Nagpur/Wardha-Road/Education/Datta-Commerce-Classes/store/10b0969,Commerce,2026-06-07T15:12:27.152666+00:00
752,"Rajesh Kumar Wadhawan Polytechnic Institute Yavatmal, Maharashtra About Us, Admission 2026, Year Wise Comparison for Students Placed, Answer Key, Admission Online Process",+919049760719,"Konghara Yavatmal, Maharashtra 445302 , India",Yavatmal,Maharashtra,https://universitydunia.com/institute/52850-rajesh-kumar-wadhawan-polytechnic-institute,https://universitydunia.com/institute/52850-rajesh-kumar-wadhawan-polytechnic-institute,Baf,2026-06-07T15:13:11.997014+00:00
753,"SGBAU - BBA Download Papers, Notes, Syllabus and Result",,,Yavatmal,Maharashtra,https://www.dineshwadera.com/sgbau-amravati-bba-classes-yavatmal,https://www.dineshwadera.com/sgbau-amravati-bba-classes-yavatmal,Bba,2026-06-07T15:13:18.720815+00:00
754,11th & 12th Commerce Classses in Yavatmal,,,Yavatmal,Maharashtra,https://www.dineshwadera.com/commerce-classes-yavatmal,https://www.dineshwadera.com/commerce-classes-yavatmal,Commerce,2026-06-07T15:13:27.788481+00:00
755,5 Best Digital Marketing Courses In Yavatmal - 2024 - PIT Digital Marketing,,,Yavatmal,Maharashtra,https://pooinfotech.com/best-digital-marketing-classes-in-yavatmal/,https://pooinfotech.com/best-digital-marketing-classes-in-yavatmal/,Commerce,2026-06-07T15:13:32.946598+00:00
756,"SOP Arsod English Classes, Yavatmal",+919822716201,,Yavatmal,Maharashtra,https://arsodenglishclasses.com/sop/,https://arsodenglishclasses.com/sop/,Commerce,2026-06-07T15:13:35.143762+00:00
757,Find Top Businesses in your city on India's No.1 Local Search Engine - IndiaOnline,,"Uttam Nagar, Delhi",Yavatmal,Maharashtra,https://ads.yavatmalonline.in/community/classes,https://ads.yavatmalonline.in/community/classes,Commerce,2026-06-07T15:13:40.095001+00:00
758,KD's PHYSICS CLASSES GONDIA,,"near JANKIDEVI CHAURAGADE SCHOOL, Hanuman Nagar, Bajaj Nagar, Gondia, Maharashtra 441601, India",Gondia,Maharashtra,https://yappe.in/maharashtra/gondia/kd-s-physics-classes-gondia/2429168,https://yappe.in/maharashtra/gondia/kd-s-physics-classes-gondia/2429168,Baf,2026-06-07T15:14:10.517181+00:00
759,Advanced Digital Marketing Cources in Gondia - PIT Digital Marketing,,,Gondia,Maharashtra,https://pooinfotech.com/best-digital-marketing-classes-in-gondia/,https://pooinfotech.com/best-digital-marketing-classes-in-gondia/,Commerce,2026-06-07T15:14:56.061991+00:00
761,Abacus Classes in Hinganghat- Wardha - Achievers Destination Academy,,,Hinganghat,Maharashtra,https://adaminischool.com/abacus/abacus-classes-in-hinganghat-wardha/,https://adaminischool.com/abacus/abacus-classes-in-hinganghat-wardha/,Baf,2026-06-07T15:15:09.629032+00:00
762,Coaching Institut living sense,+41442607185,,Hinganghat,Maharashtra,https://coaching-institut.ch/,https://coaching-institut.ch/,Baf,2026-06-07T15:15:28.018631+00:00
763,BEST DIGITAL MARKETING CLASSES IN HINGANGHAT - PIT Digital Marketing,,,Hinganghat,Maharashtra,https://pooinfotech.com/best-digital-marketing-classes-in-hinganghat/,https://pooinfotech.com/best-digital-marketing-classes-in-hinganghat/,Commerce,2026-06-07T15:15:58.479706+00:00
